{"cameraMode":{"drawMode":0,"name":"Shaded","section":"Shading Mode"},"sceneLighting":true,"audioPlay":false,"sceneViewState":{"m_AlwaysRefresh":false,"showFog":true,"showSkybox":true,"showFlares":true,"showImageEffects":true,"showParticleSystems":true,"showVisualEffectGraphs":true,"m_FxEnabled":true},"in2DMode":false,"pivot":{"x":-274.34686279296877,"y":51.78584671020508,"z":3917.531005859375},"rotation":{"x":0.11180465668439865,"y":-0.18314287066459657,"z":0.020969102159142495,"w":0.9764912128448486},"size":58.277931213378909,"orthographic":true}